연도,행정구역,연령0세신청건수,연령1세신청건수,연령2세신청건수,연령3세신청건수,연령4세신청건수,연령5세신청건수,연령6세신청건수,연령7세신청건수,연령8세신청건수,연령9세신청건수,연령10세신청건수,연령11세신청건수,연령12세신청건수,총합계
202001,강원도,3758,3968,3433,3730,3219,2915,2245,2292,1612,874,517,347,83,28993
202001,경기도,13920,24039,19003,19263,19777,17620,14764,13564,8427,5606,3125,2081,1174,162363
202001,경상남도,5912,7882,6130,6566,7271,5462,5446,4033,3215,2027,1196,733,418,56291
202001,경상북도,5195,7311,6275,5830,6770,5688,5247,5013,2958,2240,1536,1372,836,56271
202001,광주광역시,3213,4148,3030,3638,3003,2572,1930,2286,1356,1206,652,281,176,27491
202001,대구광역시,3163,5944,4783,4594,3957,3834,3177,2821,1470,1384,608,523,203,36461
202001,대전광역시,1832,2818,2545,2455,1907,2235,2154,1741,1311,683,466,164,119,20430
202001,부산광역시,4876,7163,7109,6394,7349,5269,4820,3980,2598,1541,1007,743,451,53300
202001,서울특별시,14244,23958,18759,14644,13005,12273,9154,7776,5890,3644,2279,1413,723,127762
202001,세종특별자치시,960,1463,1086,1208,769,735,757,657,360,253,162,75,91,8576
202001,울산광역시,2912,3747,3831,3692,4206,3257,2856,2072,1460,803,409,320,149,29714
202001,인천광역시,2393,4753,4879,3626,3517,3701,2841,2874,1286,1003,497,388,242,32000
202001,전라남도,3656,5169,4537,4030,4267,4142,3519,3405,2400,1688,774,644,346,38577
202001,전라북도,4358,6516,4749,4532,4794,4716,4112,3246,2619,1504,1265,635,438,43484
202001,제주특별자치도,1116,1650,1036,938,1025,922,643,494,426,156,115,33,23,8577
202001,충청남도,2813,3753,3015,3090,3105,2482,2306,2042,1425,918,317,317,160,25743
202001,충청북도,2379,3143,2927,2270,2793,2333,1839,1708,1043,717,440,382,179,22153
202002,강원도,3206,3872,3313,3539,3232,2936,2188,2081,1707,865,390,459,121,27909
202002,경기도,12855,23213,19551,18930,19051,17198,13948,12903,8083,5408,3069,1957,1467,157633
202002,경상남도,5077,8009,5781,6566,6625,6146,5156,3736,3250,1845,1078,801,527,54597
202002,경상북도,4606,7250,6433,6008,6547,5599,5534,4662,3020,2154,1602,1248,849,55512
202002,광주광역시,2794,3776,2897,3501,3190,2367,1878,2115,1300,1092,586,317,158,25971
202002,대구광역시,2318,5726,4460,4404,3536,3338,3132,2332,1434,1183,667,479,187,33196
202002,대전광역시,1753,2619,2518,2492,1694,2061,1898,1581,1305,678,379,209,74,19261
202002,부산광역시,4313,6931,6544,6138,6881,5251,4870,3243,2469,1468,1037,710,385,50240
202002,서울특별시,13322,23568,19167,14271,13306,11805,9152,7439,5528,3710,2125,1672,671,125736
202002,세종특별자치시,789,1680,988,1310,676,909,614,653,328,239,158,80,79,8503
202002,울산광역시,2419,3486,3533,3562,3838,3042,2790,1920,1494,845,296,400,163,27788
202002,인천광역시,2137,4455,4796,3239,3240,3542,2606,2620,1259,980,548,424,216,30062
202002,전라남도,3236,4993,4381,4041,3941,3890,3076,3112,2326,1687,814,687,334,36518
202002,전라북도,4014,6338,4619,4548,4656,4382,4082,3196,2260,1552,1249,634,387,41917
202002,제주특별자치도,923,1706,992,856,887,874,650,432,364,254,100,58,0,8096
202002,충청남도,2633,3674,3091,3008,3329,2542,2130,2236,1439,810,437,264,183,25776
202002,충청북도,2119,2976,2956,2136,2480,2204,1640,1452,950,858,439,318,148,20676
202003,강원도,2719,3409,3301,3569,2866,2618,2132,1874,1775,859,528,435,188,26273
202003,경기도,12317,21252,18307,17641,17409,15735,13080,11183,7876,4930,2943,1803,1717,146193
202003,경상남도,4468,6967,5704,5918,5927,5498,5150,3966,3024,2113,1157,859,505,51256
202003,경상북도,3347,6668,6359,5844,7003,5517,5386,4488,2995,2156,1508,1400,869,53540
202003,광주광역시,2851,3680,2761,3470,2976,2446,2058,1963,1337,914,709,369,107,25641
202003,대구광역시,1459,4043,3807,3578,3179,3149,2692,1866,1342,1158,534,401,284,27492
202003,대전광역시,1598,2598,2044,1770,1628,1628,1802,1449,1300,562,407,179,136,17101
202003,부산광역시,3488,5744,5822,5340,5564,4353,4347,2846,2207,1309,956,721,390,43087
202003,서울특별시,11980,21573,17730,13918,12020,10847,8324,6427,4809,3464,2340,1425,831,115688
202003,세종특별자치시,852,1419,956,1026,596,730,569,608,327,222,126,76,83,7590
202003,울산광역시,2265,3170,2872,3730,3628,2806,2513,1764,1216,1022,338,317,225,25866
202003,인천광역시,2148,3712,4339,3111,3520,3176,2598,2533,1237,1031,474,475,205,28559
202003,전라남도,2800,4864,4252,4301,3874,4347,3387,3386,2333,1861,932,775,447,37559
202003,전라북도,4167,5981,5480,5386,5344,4297,5286,3327,2659,1694,1403,891,298,46213
202003,제주특별자치도,850,1691,786,1102,800,906,674,490,346,333,123,86,22,8209
202003,충청남도,2452,3191,2779,2512,2811,2459,1705,1972,1298,739,370,278,232,22798
202003,충청북도,1899,2832,2904,2226,2496,2024,1746,1328,1107,686,444,377,95,20164
202004,강원도,2523,3736,3355,3561,3187,2607,2340,2459,1825,927,428,410,221,27579
202004,경기도,11222,20478,18441,17678,18591,15897,13807,11561,8135,5073,3136,1904,1582,147505
202004,경상남도,4219,7032,6026,6144,6160,5896,5310,4238,2949,2274,1143,987,486,52864
202004,경상북도,3523,7294,6399,6214,7192,6223,6474,5123,3516,2559,1772,1499,833,58621
202004,광주광역시,2697,3687,2621,3348,3237,2624,2045,2002,1310,931,696,320,82,25600
202004,대구광역시,1663,4355,4350,3848,4295,3465,3300,2306,1657,1290,725,413,305,31972
202004,대전광역시,1317,2683,2119,1822,1863,1697,1873,1632,1300,751,421,263,129,17870
202004,부산광역시,3882,5881,6207,5371,5990,4903,4682,3021,2503,1395,953,846,415,46049
202004,서울특별시,11100,19578,17909,13781,12921,11699,9388,7343,4770,3546,2597,1647,801,117080
202004,세종특별자치시,741,1385,1046,1166,777,905,711,603,520,170,97,74,61,8256
202004,울산광역시,1979,3384,3005,3865,3813,3272,2825,2226,1311,1041,470,421,223,27835
202004,인천광역시,2126,3276,4190,3599,3659,2966,2778,2473,1371,1093,514,413,163,28621
202004,전라남도,2841,4122,4480,4003,4281,4261,3315,3530,2387,1827,1056,705,422,37230
202004,전라북도,4391,5680,4583,5515,5013,4379,5466,3517,2723,1937,1375,755,440,45774
202004,제주특별자치도,667,1526,898,992,768,784,744,504,334,320,73,112,20,7742
202004,충청남도,2357,3205,2854,2718,2886,2564,1932,1981,1364,764,463,313,233,23634
202004,충청북도,1911,2812,2834,2313,2442,2239,1731,1461,1174,821,441,359,122,20660
202005,강원도,2701,3630,3406,3645,3390,2832,2445,2602,1965,948,475,470,223,28732
202005,경기도,11703,19541,18691,18352,19607,17116,14698,12404,8690,5597,3122,2199,1668,153388
202005,경상남도,4267,6824,5979,6118,6185,5830,5158,4645,3103,2414,1204,1088,434,53249
202005,경상북도,3744,7583,6532,6631,6847,7042,6425,5709,3635,2566,1976,1479,916,61085
202005,광주광역시,2614,3615,2768,3114,3666,2526,2222,2112,1299,859,666,394,127,25982
202005,대구광역시,1843,4205,4245,4158,4990,3592,3463,2784,1784,1357,854,568,335,34178
202005,대전광역시,1394,2705,2263,2125,2016,2054,1958,1679,1416,764,443,245,127,19189
202005,부산광역시,4055,6021,5983,6052,6150,5313,4919,3296,2528,1577,888,889,397,48068
202005,서울특별시,10279,19634,17499,13775,13718,11847,9647,8036,4958,3741,2644,1699,948,118425
202005,세종특별자치시,747,1318,1179,1143,846,984,841,602,533,180,107,75,56,8611
202005,울산광역시,2145,3585,2933,3660,3525,3427,2657,2489,1475,1072,578,517,219,28282
202005,인천광역시,2190,3217,3760,3407,3634,2926,2901,2506,1348,1162,527,400,169,28147
202005,전라남도,2687,3827,4401,4052,4211,4416,3533,3387,2461,1863,1065,765,448,37116
202005,전라북도,3831,5946,4600,4848,5275,4418,5628,3596,2855,1842,1439,775,376,45429
202005,제주특별자치도,661,1427,958,1039,857,723,688,534,348,285,100,130,19,7769
202005,충청남도,2333,3299,2946,2887,3072,2634,2145,1815,1412,875,430,273,253,24374
202005,충청북도,1816,2663,2958,2150,2543,2259,1791,1565,1068,824,546,383,112,20678
202006,강원도,3129,4130,3804,3916,4047,3380,2897,2816,1963,1024,518,392,244,32260
202006,경기도,13824,22127,21274,20634,21833,20405,17177,14357,10389,5993,3592,2354,1612,175571
202006,경상남도,4912,7156,6550,6501,7026,6763,6145,4658,3353,2588,1286,1143,424,58505
202006,경상북도,4454,8647,7206,7831,7681,7735,7261,6053,4104,2804,2004,1446,864,68090
202006,광주광역시,2836,4208,3435,3460,4209,3266,2785,2254,1486,1096,730,461,188,30414
202006,대구광역시,2277,5026,4340,4756,5293,3780,4047,3266,1863,1356,1060,571,387,38022
202006,대전광역시,1644,3074,2548,2445,2400,2486,2173,2018,1519,905,340,268,194,22014
202006,부산광역시,4945,7068,7204,7114,7820,6402,5860,3902,3197,1768,1022,950,394,57646
202006,서울특별시,11677,21620,19863,15777,15363,13829,11432,9270,5805,4629,2972,1907,1092,135236
202006,세종특별자치시,747,1526,1467,1308,1103,1105,981,596,582,287,150,72,65,9989
202006,울산광역시,2515,4039,3193,4148,4338,3655,3210,2638,1590,1103,542,451,170,31592
202006,인천광역시,2429,3433,4368,4034,4291,3475,3345,2934,1512,1299,630,494,214,32458
202006,전라남도,3062,4457,5102,4630,4505,4812,4018,3650,2642,2019,1095,728,413,41133
202006,전라북도,4119,6018,5269,4979,6164,5014,5644,3735,2946,1777,1292,846,374,48177
202006,제주특별자치도,787,1567,1064,1068,988,742,922,537,386,300,150,109,22,8642
202006,충청남도,3070,3811,3700,3649,3571,3051,2418,2133,1674,1036,493,289,331,29226
202006,충청북도,2266,2989,3333,2534,2722,2748,2211,1827,1308,923,546,364,174,23945
202007,강원도,3541,4201,4109,4012,4324,3617,3180,2818,2024,1032,641,434,242,34175
202007,경기도,15205,23614,21704,20840,22725,21075,18250,14574,10884,6485,3721,2599,1638,183314
202007,경상남도,4804,7355,7099,6598,7457,7007,6415,5350,3400,2752,1449,1144,562,61392
202007,경상북도,4744,8688,7938,7541,7927,7928,7654,6591,4165,2965,1999,1500,1020,70660
202007,광주광역시,2931,3874,3571,3014,4016,2999,2786,2136,1538,1054,830,314,212,29275
202007,대구광역시,2345,4580,4814,5023,5158,3704,4288,3272,2209,1403,1030,701,344,38871
202007,대전광역시,1583,2929,2321,2375,2343,2391,2405,2071,1613,899,369,243,286,21828
202007,부산광역시,5145,7954,7537,7272,8103,6355,6275,4034,3320,1898,1216,902,459,60470
202007,서울특별시,12294,22270,19858,15499,15680,13932,11708,9362,6157,4687,3026,2004,1051,137528
202007,세종특별자치시,797,1423,1407,1352,1279,1182,933,523,625,276,166,103,51,10117
202007,울산광역시,2803,3911,3351,4044,4308,3720,3332,2753,1621,1275,594,540,192,32444
202007,인천광역시,2409,3894,4475,4305,4278,3664,3697,2966,1644,1402,631,532,181,34078
202007,전라남도,3126,4830,4912,4485,4630,4903,4322,3623,2640,2167,1125,789,409,41961
202007,전라북도,4239,6280,5353,5162,5997,5264,5945,3750,2865,1920,1321,881,400,49377
202007,제주특별자치도,912,1512,1109,1162,1095,766,942,522,366,357,126,121,0,8990
202007,충청남도,3037,4673,3610,3591,3666,3270,2513,2213,1882,1038,535,328,352,30708
202007,충청북도,2510,2919,3236,2605,3090,2949,2462,1884,1378,909,586,341,186,25055
202008,강원도,3019,3924,3538,3366,3504,3044,2426,2281,1576,1054,513,415,238,28898
202008,경기도,13479,20540,18310,18355,18668,17072,14724,11983,8510,5521,3094,2167,1245,153668
202008,경상남도,4251,6251,6054,5345,5905,5936,5147,4264,2969,2215,1248,989,474,51048
202008,경상북도,4801,7924,7053,6603,6800,7464,6550,5595,3948,3070,2019,1379,964,64170
202008,광주광역시,2495,3484,2964,2583,3404,2549,2263,1705,1307,900,637,282,171,24744
202008,대구광역시,2162,4022,4460,4190,4288,3332,3443,3072,1784,1101,981,662,323,33820
202008,대전광역시,1699,2425,2205,1887,2136,2036,1714,1694,1362,760,359,211,180,18668
202008,부산광역시,4702,6776,6376,5877,6927,5124,5061,3627,2969,1547,1049,826,382,51243
202008,서울특별시,11590,19529,17638,13431,12841,11528,9164,7728,5235,3679,2396,1608,883,117250
202008,세종특별자치시,684,1145,1125,1056,945,974,634,428,380,323,137,81,35,7947
202008,울산광역시,2581,3174,3019,3316,3063,3149,2315,2199,1188,1160,560,393,212,26329
202008,인천광역시,2171,3269,3591,3294,3520,2817,2886,2371,1583,1097,518,440,163,27720
202008,전라남도,2768,3914,4287,3733,3832,4164,3456,3202,2423,1930,1003,847,532,36091
202008,전라북도,4241,5672,4671,4945,5091,4361,4716,3558,2578,1718,1187,854,323,43915
202008,제주특별자치도,818,1281,1069,892,890,697,793,562,355,332,132,122,24,7967
202008,충청남도,2527,4109,3117,3174,3067,2613,2322,1739,1492,1032,494,179,381,26246
202008,충청북도,2260,2391,2910,2213,2626,2530,1933,1687,1021,891,440,303,217,21422
202009,강원도,3213,4119,3417,3440,3605,3196,2470,2368,1573,1160,577,399,242,29779
202009,경기도,14795,21453,19206,20100,20170,19094,16034,13464,9231,6773,3589,2485,1405,167799
202009,경상남도,4938,6617,6175,5484,6581,6103,5467,4363,3632,2547,1662,1027,492,55088
202009,경상북도,5855,8239,7710,7634,8079,8637,6833,6247,4669,3279,2209,1475,1159,72025
202009,광주광역시,2532,4006,3276,2856,3713,2792,2582,1949,1447,1021,742,284,221,27421
202009,대구광역시,2496,4271,4950,4366,4875,3669,4097,3399,2277,1309,1248,640,388,37985
202009,대전광역시,1580,2222,2504,2148,2354,2218,1931,2068,1553,785,464,178,215,20220
202009,부산광역시,4935,7435,7281,6303,7546,6249,5535,4080,2887,1955,1113,893,425,56637
202009,서울특별시,12576,20933,17854,14544,13820,12477,10147,8824,5764,4090,2718,1761,1009,126517
202009,세종특별자치시,635,1453,1209,1263,983,1165,647,559,433,300,181,86,27,8941
202009,울산광역시,2678,3464,3416,4198,3714,3852,3035,2562,1436,1173,767,382,233,30910
202009,인천광역시,2399,3663,3844,3986,3715,3344,3263,2397,1766,1275,625,449,245,30971
202009,전라남도,2830,4322,4540,3978,4208,4537,3556,3343,2675,2123,1021,951,604,38688
202009,전라북도,4850,6024,5261,5443,5555,5034,5060,4108,2844,1938,1267,844,258,48486
202009,제주특별자치도,792,1359,1070,884,921,776,635,573,383,394,152,121,25,8085
202009,충청남도,2577,4451,3472,3381,3580,2812,2574,1909,1712,1175,533,188,329,28693
202009,충청북도,2274,2686,3008,2343,2830,2754,2245,2101,1195,937,700,284,255,23612
202010,강원도,3200,4092,3497,3257,3668,3255,2371,2317,1649,1101,505,363,175,29450
202010,경기도,13926,21019,18467,18678,19316,19231,16106,13452,9014,6476,3683,2303,1304,162975
202010,경상남도,5024,6868,6041,5365,6804,6371,5529,4609,3835,2344,1476,1014,670,55950
202010,경상북도,5449,8232,7839,7740,8020,8475,6413,6209,4435,3340,2223,1490,1072,70937
202010,광주광역시,2512,3795,3288,2561,3579,2635,2696,1750,1387,931,768,359,189,26450
202010,대구광역시,2723,4104,4607,3958,4903,3569,3878,2915,2255,1264,1158,532,422,36288
202010,대전광역시,1384,2184,2242,2365,2239,2350,1693,1850,1586,831,418,173,222,19537
202010,부산광역시,4905,7208,6621,5974,6942,6269,5076,4126,2917,1977,1130,740,490,54375
202010,서울특별시,11940,20079,16625,14218,13345,12062,10499,8766,5926,4031,2864,1784,834,122973
202010,세종특별자치시,667,1355,1139,1224,930,958,747,537,441,268,196,78,38,8578
202010,울산광역시,2502,3421,3125,3617,3449,3771,2974,2732,1509,1076,673,288,219,29356
202010,인천광역시,2508,3571,3639,4043,3584,3325,3238,2295,1660,1167,686,406,209,30331
202010,전라남도,2867,4215,4349,4216,4228,4472,3748,3331,2626,2121,948,932,573,38626
202010,전라북도,4475,5627,4899,5102,5066,4587,4854,3863,2414,1918,1195,887,213,45100
202010,제주특별자치도,1020,1181,1120,969,930,813,721,595,432,400,142,119,26,8468
202010,충청남도,2458,4206,3459,3109,3407,2608,2383,2096,1484,1333,491,209,289,27532
202010,충청북도,2149,2636,2819,2335,2687,2620,2028,1813,1255,887,546,281,278,22334
202011,강원도,3794,4309,3461,3601,3598,3499,2644,2348,1692,1251,543,472,225,31437
202011,경기도,15432,22994,20096,19552,21146,20461,17769,15032,9851,6932,4380,2244,1458,177347
202011,경상남도,5467,7658,6072,5906,6945,7381,5852,5205,3922,2518,1637,1021,846,60430
202011,경상북도,6126,8943,8602,8196,9153,8897,7319,6703,4921,3532,2599,1726,1179,77896
202011,광주광역시,2765,4191,3462,2715,4067,3084,2988,1999,1554,1002,836,423,226,29312
202011,대구광역시,3166,4335,4980,4585,5033,3955,4192,3038,2354,1531,1135,649,481,39434
202011,대전광역시,1354,2446,2521,2544,2418,2392,1748,2117,1634,913,488,226,213,21014
202011,부산광역시,5580,7796,7180,6487,7308,7050,5540,4802,2898,2226,1176,880,454,59377
202011,서울특별시,13267,21064,17955,15248,14689,12446,11581,9572,6153,4437,3081,2017,1035,132545
202011,세종특별자치시,722,1396,1264,1214,1175,1099,800,615,501,313,211,88,41,9439
202011,울산광역시,2824,3893,3256,3558,3662,4195,3101,2913,1661,1213,747,285,272,31580
202011,인천광역시,2931,3868,3930,4443,3592,3811,3591,2649,1846,1230,773,566,220,33450
202011,전라남도,3411,4429,4677,4303,4282,4731,3793,3579,2703,2056,1229,872,543,40608
202011,전라북도,4660,6040,5230,5161,5313,4918,5031,4116,2760,1914,1164,876,317,47500
202011,제주특별자치도,1277,1296,1154,1152,928,873,831,579,524,400,214,130,18,9376
202011,충청남도,2878,4635,3603,3456,3507,3091,2652,2024,1644,1326,524,315,239,29894
202011,충청북도,2518,2879,3121,2619,2886,2877,2225,1867,1476,949,663,418,267,24765
202012,강원도,4236,4780,3423,3848,4185,3656,3224,2705,1952,1442,797,542,249,35039
202012,경기도,15682,24027,21281,19922,21097,20599,17225,15383,10379,6961,4658,2426,1679,181319
202012,경상남도,5856,8614,6983,6309,8129,8166,6607,5753,3989,3075,1920,1094,794,67289
202012,경상북도,6412,9518,9067,8956,9418,10040,7967,7678,5454,4154,2890,2012,1458,85024
202012,광주광역시,2618,4564,3794,3158,3973,3287,2951,2220,1770,1083,852,419,260,30949
202012,대구광역시,3385,4713,5556,5122,6022,4411,4834,3375,2702,1695,1152,752,364,44083
202012,대전광역시,1453,2520,2666,2491,2619,2799,1915,2442,1644,957,593,290,204,22593
202012,부산광역시,5809,8237,7123,6733,7099,7405,5454,5342,3098,2276,1251,855,673,61355
202012,서울특별시,13771,21266,18226,16121,14856,12370,11153,9907,6151,4161,3032,2027,1058,134099
202012,세종특별자치시,781,1557,1136,1356,1170,1069,870,707,523,344,160,63,57,9793
202012,울산광역시,2767,4185,3510,4294,4338,4540,3570,3397,2060,1224,909,403,418,35615
202012,인천광역시,2956,4170,3770,4663,3962,3802,3757,2812,2116,1146,891,641,228,34914
202012,전라남도,3734,5135,5249,5040,5327,5142,4875,3921,3203,2196,1564,1048,632,47066
202012,전라북도,4499,6060,6085,5496,5768,5798,5217,4646,3150,2459,1386,936,336,51836
202012,제주특별자치도,1289,1298,1316,1184,1005,758,931,586,433,417,231,144,0,9592
202012,충청남도,3010,4940,3693,3629,3590,3568,2809,2310,1776,1378,532,215,233,31683
202012,충청북도,2395,2740,2754,2545,2589,2506,2140,1986,1344,965,782,437,362,23545
202101,강원도,3573,4450,3055,3177,3683,2948,2652,2440,1806,1241,592,350,193,30160
202101,경기도,13537,22196,20027,18267,19670,19498,15327,13189,9021,6306,4066,2316,1382,164802
202101,경상남도,4982,8116,6469,5530,6953,7459,5844,5545,3443,2507,1830,845,671,60194
202101,경상북도,5029,8424,8040,7372,8055,8755,6767,6437,5425,3642,2571,1733,1278,73528
202101,광주광역시,2343,4045,3648,2656,3884,3103,2331,1955,1584,831,709,368,221,27678
202101,대구광역시,3099,4390,4904,4543,5170,3824,4280,3228,2171,1417,987,553,413,38979
202101,대전광역시,1250,2589,2588,2139,2374,2193,1888,2075,1477,949,536,282,143,20483
202101,부산광역시,4838,7884,6668,6174,6335,6818,4773,4159,2915,1869,1036,736,682,54887
202101,서울특별시,11992,20620,17552,14656,13763,11830,9836,8187,5866,3943,2616,1934,737,123532
202101,세종특별자치시,789,1522,1137,1049,1102,835,711,576,510,254,121,73,40,8719
202101,울산광역시,2700,3949,3381,3695,3790,4192,2873,2475,1628,1053,597,411,191,30935
202101,인천광역시,2736,4138,3756,4059,3637,3572,3164,2550,1734,906,728,501,226,31707
202101,전라남도,3192,4750,4549,4511,4574,4599,4368,3664,2804,2279,1576,963,542,42371
202101,전라북도,3726,6108,5674,4615,5143,5112,4547,3873,2727,2171,1180,958,290,46124
202101,제주특별자치도,1124,1202,1261,992,855,698,689,641,358,353,163,81,32,8449
202101,충청남도,2500,4415,3689,3261,3179,2855,2419,2221,1636,1040,549,212,287,28263
202101,충청북도,2154,2732,2831,2674,2444,2490,2001,1794,1263,908,560,383,193,22427
202102,강원도,3054,4182,2967,2949,3069,2713,2483,1813,1603,1179,564,266,184,27026
202102,경기도,11851,19640,18609,16450,17698,17110,13813,11577,8528,5543,3564,1935,1339,147657
202102,경상남도,4111,7021,6410,4637,6238,6412,5216,4269,3200,2232,1663,766,609,52784
202102,경상북도,4654,7199,7534,6528,6948,7401,6409,5864,4610,3239,2427,1449,1246,65508
202102,광주광역시,2196,3530,3019,2270,2972,2992,2035,1555,1289,838,639,319,189,23843
202102,대구광역시,2492,3951,4299,3856,4233,3523,3470,3140,1972,1314,750,464,356,33820
202102,대전광역시,1037,2311,2192,1885,1922,1869,1701,1694,1298,936,448,223,108,17624
202102,부산광역시,3967,7146,5824,5505,5712,5996,4450,3598,2663,1734,1011,642,549,48797
202102,서울특별시,10976,18312,15274,13144,11739,11113,9080,7479,5470,3664,2517,1768,747,111283
202102,세종특별자치시,780,1250,1069,935,992,633,725,528,440,276,122,52,51,7853
202102,울산광역시,2133,3954,2813,3140,3342,3430,2378,2081,1580,901,656,314,337,27059
202102,인천광역시,2372,3729,3414,3329,3266,3274,2632,2111,1750,771,668,408,195,27919
202102,전라남도,2799,4158,4112,3970,3919,3829,3512,3213,2476,1981,1445,770,480,36664
202102,전라북도,3348,5391,4956,4030,4857,4686,3929,3267,2320,1827,1100,823,257,40791
202102,제주특별자치도,995,1097,1181,748,665,634,553,599,321,245,215,82,25,7360
202102,충청남도,2249,3688,3448,2828,2645,2797,2107,1810,1447,944,405,255,256,24879
202102,충청북도,1850,2654,2442,2357,2103,2384,1796,1545,1051,677,522,391,184,19956
202103,강원도,3695,4526,4038,3728,4456,3702,3637,2132,1765,1550,703,335,211,34478
202103,경기도,15305,23669,22728,21503,23271,22924,18672,14855,10734,7316,4281,2345,1486,189089
202103,경상남도,5500,7498,7663,6449,7689,7997,6647,5448,4021,2486,1880,813,603,64694
202103,경상북도,5718,8889,9616,8207,9405,9162,8477,7050,5402,3791,2848,1769,1347,81681
202103,광주광역시,2807,4328,3882,3051,3994,3936,2826,2173,1676,1150,777,464,247,31311
202103,대구광역시,3183,5057,5435,4968,5066,5180,4387,3865,2358,1548,1174,612,342,43175
202103,대전광역시,1525,2481,2744,2494,2458,2525,2370,2315,1430,1196,450,249,90,22327
202103,부산광역시,5004,8145,7761,7314,7348,7676,5830,4789,3262,2331,1111,711,607,61889
202103,서울특별시,13884,20791,18647,16453,15162,14353,12224,9580,6772,4436,3145,2078,950,138475
202103,세종특별자치시,989,1400,1318,1232,1165,950,956,768,578,328,161,128,47,10020
202103,울산광역시,2692,4144,3452,4138,4031,4675,3494,2637,1852,1093,733,461,354,33756
202103,인천광역시,3124,4522,4347,4279,4057,4334,4077,2681,1977,1226,858,423,287,36192
202103,전라남도,3359,4898,4993,5037,4890,5214,4577,3840,3250,2413,1701,974,454,45600
202103,전라북도,4347,6123,5556,5721,5955,6107,4801,4472,2671,2287,1372,857,358,50627
202103,제주특별자치도,1090,1274,1583,909,1052,981,920,556,466,242,304,59,82,9518
202103,충청남도,3064,4168,4413,3819,3095,3726,3105,2302,1754,1040,570,325,306,31687
202103,충청북도,2256,2958,3010,2933,2983,3162,2529,1965,1360,846,607,486,239,25334
202104,강원도,3612,4593,4034,3934,4297,4026,3507,2211,2097,1443,775,283,354,35166
202104,경기도,15594,23355,22818,21431,23645,23475,19782,15024,11231,7317,4649,2277,1452,192050
202104,경상남도,5878,7528,7576,6603,7649,8255,6970,5343,4259,2464,1905,831,593,65854
202104,경상북도,5852,8412,9540,8285,9263,9447,8899,7217,5565,3804,2982,1984,1291,82541
202104,광주광역시,2734,4251,3954,2862,3905,4301,2864,2311,1608,1129,743,507,240,31409
202104,대구광역시,3282,4703,4784,5082,4868,5096,4777,3424,2625,1599,1070,736,329,42375
202104,대전광역시,1818,2094,2974,2328,2501,2648,2575,2101,1401,1157,496,224,93,22410
202104,부산광역시,5197,7770,7884,7539,7213,7676,6118,4884,3329,2356,1255,757,672,62650
202104,서울특별시,15911,20464,18155,16535,14867,15051,13577,9758,7378,4453,3419,1997,1082,142647
202104,세종특별자치시,951,1427,1228,1335,1118,1056,1033,817,494,367,136,72,53,10087
202104,울산광역시,2707,3849,3726,4391,4058,4447,3536,2723,1930,1080,800,471,342,34060
202104,인천광역시,3171,4325,4450,4662,4253,4340,4064,2970,1865,1179,954,437,288,36958
202104,전라남도,3682,4791,4869,5330,5122,5154,4607,3712,3498,2431,1706,966,530,46398
202104,전라북도,4239,6100,5587,5374,6158,6239,4545,5024,2726,2267,1412,947,365,50983
202104,제주특별자치도,1184,1176,1661,1101,1085,969,1043,648,497,244,325,28,115,10076
202104,충청남도,3277,3916,4592,3816,3467,3747,3348,2322,1764,1035,665,326,307,32582
202104,충청북도,2306,2610,2950,3203,3078,3035,2931,2022,1585,910,653,513,245,26041
202105,강원도,3083,4447,3867,3615,3743,3792,3321,2014,1982,1274,730,302,288,32458
202105,경기도,15049,22287,20874,20099,21583,21274,18249,13567,10096,6556,4306,2110,1434,177484
202105,경상남도,5886,7072,7113,6337,6977,7535,6770,4829,4126,2312,1762,863,490,62072
202105,경상북도,5807,8547,8891,7847,8753,9171,8656,6849,5603,3857,2889,2093,1305,80268
202105,광주광역시,2550,3911,3538,2760,3166,3922,2533,1938,1522,984,668,439,189,28120
202105,대구광역시,3581,4007,4622,4670,4459,5026,4290,3212,2572,1400,971,688,372,39870
202105,대전광역시,1673,2146,2720,1983,2490,2326,2342,1801,1323,1097,453,281,81,20716
202105,부산광역시,4642,6712,7174,6443,6848,6867,5714,4326,3112,2166,1326,774,623,56727
202105,서울특별시,13882,18697,17024,14854,13307,13394,11885,8596,6484,4117,3151,1892,991,128274
202105,세종특별자치시,1023,1175,1056,1247,1139,874,955,725,440,280,166,72,35,9187
202105,울산광역시,2471,3965,3349,3754,3703,3919,3163,2308,1966,1049,728,499,307,31181
202105,인천광역시,2904,4097,3963,4112,3878,4203,3529,2631,1670,1080,933,399,227,33626
202105,전라남도,3366,4266,4271,4991,4765,4672,4161,3554,3075,2164,1728,871,585,42469
202105,전라북도,3965,5380,5709,4897,5277,6037,4575,4389,2749,2121,1312,908,332,47651
202105,제주특별자치도,1183,1146,1640,991,1211,839,1022,658,479,290,300,51,113,9923
202105,충청남도,2828,3918,4235,3308,3258,3192,3142,2075,1507,1013,581,339,220,29616
202105,충청북도,2418,2506,2508,3053,2897,2806,2699,1851,1434,831,660,439,237,24339
202106,강원도,3426,5442,4093,4066,3941,4071,3584,2354,2234,1404,814,339,304,36072
202106,경기도,18129,25021,23391,22645,24252,23657,21554,16092,11586,7896,4874,2480,1570,203147
202106,경상남도,6493,7468,7704,6881,7709,8028,7449,5540,4211,2651,1824,1027,504,67489
202106,경상북도,5947,10074,9736,8555,9719,10649,9871,7546,5766,4313,3191,2190,1374,88931
202106,광주광역시,2805,4541,3953,3295,3281,4472,3009,2208,1675,1261,762,461,265,31988
202106,대구광역시,4709,4263,4906,4923,4805,5695,4284,3696,2901,1647,962,849,358,43998
202106,대전광역시,2197,2269,3079,2251,2745,2762,2735,1912,1572,1296,667,239,131,23855
202106,부산광역시,5505,7561,8029,7276,7589,7839,6795,4834,3532,2824,1555,907,618,64864
202106,서울특별시,16552,21173,19110,16902,15044,15590,13747,9879,7519,4798,3571,2215,1318,147418
202106,세종특별자치시,1133,1406,1243,1342,1324,1182,1067,921,470,330,245,74,55,10792
202106,울산광역시,2888,4061,3814,3912,4350,4407,3602,2639,2247,1219,876,537,285,34837
202106,인천광역시,3175,5078,4473,4352,4593,4946,3928,2828,2068,1302,999,537,324,38603
202106,전라남도,3897,4710,4705,5348,5394,5056,4452,4317,3188,2405,1898,933,717,47020
202106,전라북도,4489,5816,5906,5175,5907,6301,5225,4893,3225,2558,1310,912,348,52065
202106,제주특별자치도,1361,1402,1616,1108,1082,1131,1061,812,540,324,309,88,118,10952
202106,충청남도,3372,4351,4332,3824,3791,3529,3527,2319,1557,1333,639,395,230,33199
202106,충청북도,2647,2814,3001,3359,3029,3271,2921,2281,1444,988,756,453,260,27224
202107,강원도,3673,5548,3891,4192,3800,4275,3567,2614,1905,1540,727,384,267,36383
202107,경기도,18408,24474,22763,20682,22728,22155,20390,15507,11273,7459,4906,2728,1673,195146
202107,경상남도,6341,7064,8002,6910,7174,7653,7272,5549,4190,2695,1995,1086,553,66484
202107,경상북도,6613,9856,9456,9374,9588,10065,10290,7827,6213,4387,3292,2281,1406,90648
202107,광주광역시,3088,4584,3702,3656,3083,4413,2981,2219,1516,1186,763,527,220,31938
202107,대구광역시,4338,4059,4462,4577,4791,5207,3917,3719,2778,1657,924,854,287,41570
202107,대전광역시,2244,2146,2866,2256,2505,2523,2423,1882,1432,1153,631,314,119,22494
202107,부산광역시,5019,7501,7573,6990,7050,7383,6580,4751,3423,2685,1668,1085,641,62349
202107,서울특별시,16512,21641,18608,16317,13972,14951,13146,9366,7167,4766,3535,2116,1392,143489
202107,세종특별자치시,1210,1301,1118,1225,1253,1171,990,861,380,455,249,81,52,10346
202107,울산광역시,3202,4145,3817,3883,3939,4517,3724,2763,2284,1112,768,521,262,34937
202107,인천광역시,3204,4991,4338,4168,4598,4527,3721,2779,1916,1131,942,595,358,37268
202107,전라남도,4000,4792,5165,5418,5229,5076,4641,4386,3266,2400,1946,915,602,47836
202107,전라북도,4425,5684,5899,5221,5557,6232,4950,4887,3242,2409,1465,919,414,51304
202107,제주특별자치도,1632,1302,1381,1270,1000,1141,1056,840,571,333,376,85,121,11108
202107,충청남도,3475,4206,4389,3687,3883,3375,3346,2334,1480,1422,651,331,234,32813
202107,충청북도,2759,3078,2694,3164,2925,3438,2828,2103,1412,952,764,444,249,26810
202108,강원도,3477,5114,3743,4199,3549,4087,3228,2552,1951,1324,794,414,215,34647
202108,경기도,17274,23901,22072,18979,21555,20998,18624,14886,10602,6595,5090,2630,1658,184864
202108,경상남도,5696,6783,6924,6292,6431,6538,6635,4466,3645,2724,1873,1200,550,59757
202108,경상북도,6096,9259,8466,8305,8709,8891,9816,7591,6201,4377,3519,2169,1523,84922
202108,광주광역시,3100,4033,3460,2977,2903,3832,2540,2117,1146,1143,706,505,236,28698
202108,대구광역시,3685,4189,3907,4152,4305,4971,3451,3626,2529,1704,818,876,282,38495
202108,대전광역시,2118,2204,2626,2295,2266,2305,2246,1644,1483,1088,669,331,144,21419
202108,부산광역시,4777,7314,6550,6835,6271,6722,5862,4315,3381,2654,1471,999,586,57737
202108,서울특별시,15714,20554,18168,15377,12980,14126,11949,8929,6636,4521,3194,1966,1254,135368
202108,세종특별자치시,1111,1223,989,1069,1243,986,955,676,394,311,272,88,32,9349
202108,울산광역시,3178,3835,3222,3270,3394,3266,3390,2181,2056,991,697,556,239,30275
202108,인천광역시,2728,5105,4034,3963,4464,4114,3311,2757,1755,1240,851,694,277,35293
202108,전라남도,3658,4802,4429,5281,4691,4539,4504,3926,3057,2150,1866,881,656,44440
202108,전라북도,4349,5372,5404,4884,5156,5586,4761,4408,3430,2185,1525,916,556,48532
202108,제주특별자치도,1532,1403,1256,1378,885,1057,1064,792,583,297,322,99,92,10760
202108,충청남도,2917,4068,4019,3204,3546,3064,3010,2345,1446,1196,742,386,161,30104
202108,충청북도,2594,3214,2342,2822,2682,2947,2503,1953,1334,896,697,447,204,24635
202109,강원도,3513,4768,3551,3690,3683,4014,3222,2416,1703,1215,885,400,230,33290
202109,경기도,16573,23598,20918,19075,20559,21251,19077,15220,10312,6919,5032,2535,1673,182742
202109,경상남도,5990,6714,6772,6124,6439,6994,6757,4871,3431,2728,1713,1011,456,60000
202109,경상북도,6301,9263,8026,8499,8867,8993,9341,6938,5826,4402,3128,2085,1277,82946
202109,광주광역시,2922,4041,3488,3159,2867,3896,2628,2090,1200,1128,659,446,235,28759
202109,대구광역시,3718,4324,3840,4367,4172,4740,3456,3461,2405,1732,831,846,219,38111
202109,대전광역시,2085,1989,2425,2425,2374,2583,2258,1633,1525,1022,592,433,98,21442
202109,부산광역시,4763,7198,6918,6259,6479,6906,6123,4598,3170,2430,1587,907,632,57970
202109,서울특별시,14375,20704,16662,14702,13159,13615,12075,9082,6735,4547,3041,1964,1319,131980
202109,세종특별자치시,1093,1186,1155,1061,1124,1081,983,651,484,303,224,85,26,9456
202109,울산광역시,3120,4103,3209,3184,3559,3571,3618,2417,2056,1079,723,559,301,31499
202109,인천광역시,2585,5105,4023,3772,4540,4010,3330,2907,1703,1214,872,656,267,34984
202109,전라남도,3499,4477,4299,4886,4308,4621,4286,3480,2754,2359,1674,939,569,42151
202109,전라북도,3827,6027,5164,4960,4740,5490,4852,4342,3215,2005,1488,898,548,47556
202109,제주특별자치도,1302,1457,1169,1276,926,1059,977,781,494,301,280,92,89,10203
202109,충청남도,2778,4174,3950,3478,3547,2930,2923,2420,1526,1172,816,359,116,30189
202109,충청북도,2648,3092,2403,2740,2970,3161,2514,2131,1334,933,724,457,244,25351
202110,강원도,4103,5070,3705,3702,3977,4301,3472,2388,1912,1232,1014,437,274,35587
202110,경기도,17936,25138,22210,20019,21061,22337,20332,16257,11140,7075,5334,2576,1529,192944
202110,경상남도,6886,7050,7457,6330,6594,7474,7366,5198,3740,2858,1926,1013,471,64363
202110,경상북도,6556,9238,8914,8802,9121,9138,9722,7082,6405,4482,3201,2224,1293,86178
202110,광주광역시,2987,4439,3532,3123,2825,4038,2652,2253,1148,1215,732,522,291,29757
202110,대구광역시,4310,4633,3997,4621,4378,4987,3868,3661,2252,1931,998,954,294,40884
202110,대전광역시,2291,2026,2484,2430,2688,2630,2496,1625,1515,1130,625,381,149,22470
202110,부산광역시,5386,7410,7141,6658,6708,7548,6308,4798,3434,2581,1870,927,689,61458
202110,서울특별시,14909,22067,17803,14940,13819,14119,12592,9620,7197,4908,3258,2065,1325,138622
202110,세종특별자치시,1156,1443,1188,1033,1109,1299,970,691,614,361,280,100,35,10279
202110,울산광역시,3687,4063,3409,3787,3853,3788,3873,2986,2081,1280,749,607,306,34469
202110,인천광역시,2908,5185,4619,3885,4561,3930,3655,3304,1771,1208,895,745,319,36985
202110,전라남도,3930,4672,5009,5288,4434,5036,4824,3703,3024,2431,2007,1032,628,46018
202110,전라북도,4495,6161,5246,5228,4776,5905,5128,4441,3234,2094,1629,774,522,49633
202110,제주특별자치도,1549,1520,1250,1452,1130,1124,955,950,553,356,290,130,105,11364
202110,충청남도,2995,4223,4078,3748,3876,3395,3047,2699,1486,1218,833,402,150,32150
202110,충청북도,2713,3547,2416,2841,3191,3243,2912,2159,1309,935,793,443,335,26837
202111,강원도,4564,5614,4198,3759,4163,4657,3645,2814,1955,1383,1025,555,242,38574
202111,경기도,20472,27694,24544,22099,22967,25023,22603,18348,12175,8537,5686,2954,1799,214901
202111,경상남도,7493,7555,7945,6796,7202,7827,8480,5531,4158,3175,2016,1253,497,69928
202111,경상북도,6917,10237,9169,9642,9507,10215,9989,7847,6883,4756,3500,2550,1239,92451
202111,광주광역시,3408,4781,4095,3296,3001,4385,3144,2678,1260,1321,780,523,319,32991
202111,대구광역시,4661,5464,4264,4899,4910,5025,4634,4090,2323,2228,1124,971,388,44981
202111,대전광역시,2362,2265,2680,2792,2864,2855,2564,1828,1741,1250,674,452,186,24513
202111,부산광역시,6144,7977,7554,7379,7173,7855,7521,5200,3848,2580,2181,842,721,66975
202111,서울특별시,15944,25044,20003,16843,15596,15176,13802,11028,8114,5399,3750,2418,1500,154617
202111,세종특별자치시,1287,1516,1287,1186,1349,1272,1168,752,654,415,280,134,43,11343
202111,울산광역시,3841,4305,4220,3785,4302,4210,4296,3117,2335,1540,877,686,304,37818
202111,인천광역시,3436,5923,4698,4449,5273,4037,4163,3584,2084,1425,1017,805,392,41286
202111,전라남도,4876,5414,5226,5458,5085,5432,5216,3985,3385,2613,1859,1212,639,50400
202111,전라북도,5469,6350,5371,5541,5313,5818,5603,4915,3631,2322,1676,868,615,53492
202111,제주특별자치도,1435,1704,1205,1381,1326,1232,998,1057,504,474,314,199,88,11917
202111,충청남도,2976,4256,4008,3268,3879,3364,3123,2892,1423,1420,766,507,131,32013
202111,충청북도,3045,3506,2456,2752,3251,3411,3057,2360,1425,982,857,468,356,27926
202112,강원도,4679,5486,4179,3582,3972,4642,3641,3036,1989,1528,926,508,369,38537
202112,경기도,20628,27225,23740,22454,22412,24513,22258,18044,12314,8817,5441,3148,1701,212695
202112,경상남도,7465,8080,7914,6992,6947,7896,8409,5800,4151,2864,2130,1471,555,70674
202112,경상북도,6321,10901,9291,8908,9157,10235,9687,8142,6771,4902,3648,2676,1260,91899
202112,광주광역시,3733,4356,4117,3540,3071,4366,3267,2485,1210,1155,739,604,323,32966
202112,대구광역시,5130,5285,3898,4842,4560,4871,4498,4229,2251,2150,1083,882,466,44145
202112,대전광역시,2499,2383,2803,2649,2709,2822,2547,1896,1680,1288,750,475,214,24715
202112,부산광역시,6377,8020,7259,7141,7150,7442,7198,5079,3857,2507,2051,967,688,65736
202112,서울특별시,15768,25081,19310,15974,15321,14795,13357,11237,7711,5384,3621,2406,1567,151532
202112,세종특별자치시,1234,1569,1337,1021,1398,1199,1075,685,684,436,330,135,26,11129
202112,울산광역시,3980,4749,4071,3603,4258,4327,4345,3090,2325,1733,854,640,321,38296
202112,인천광역시,3464,5726,4710,4131,4993,4049,4196,3347,1972,1553,927,614,409,40091
202112,전라남도,4875,5358,5520,5286,4924,5414,5137,3725,3397,2652,1899,1305,661,50153
202112,전라북도,5602,6549,5497,5740,5094,5846,5640,4978,3283,2457,1800,944,607,54037
202112,제주특별자치도,1575,1695,1169,1352,1173,1241,909,1047,505,539,306,189,78,11778
202112,충청남도,3576,4775,4084,3721,3751,3313,3758,2827,1617,1375,901,491,264,34453
202112,충청북도,3103,3714,2312,2724,3133,3090,2821,2429,1536,986,867,469,346,27530
202201,강원도,3785,5568,4427,3278,3372,4197,3149,2823,1729,1507,918,590,304,35647
202201,경기도,18602,26326,21973,20590,20082,22224,20047,14816,10342,7519,4654,2650,1713,191538
202201,경상남도,6222,7773,7354,6875,6273,7573,6765,5707,4055,2732,1998,1307,448,65082
202201,경상북도,5882,9866,9195,8088,8315,9516,9267,7406,6330,5399,3354,2482,1376,86476
202201,광주광역시,3368,3997,3578,3071,2404,3679,2911,1911,1356,962,537,499,301,28574
202201,대구광역시,4338,4641,3807,4304,4283,4193,3777,3354,2128,1736,1006,645,322,38534
202201,대전광역시,2296,2335,2440,2770,2163,2525,1974,1855,1471,1014,838,386,181,22248
202201,부산광역시,5725,7341,7002,6753,6147,6590,6452,4192,3276,2363,1650,957,528,58976
202201,서울특별시,13013,24521,18208,14943,13573,13308,11919,9763,6419,5097,3042,1954,1534,137294
202201,세종특별자치시,1026,1670,1053,882,1124,1111,789,629,479,374,299,151,15,9602
202201,울산광역시,3079,4953,3895,3017,4179,3769,3665,2827,1897,1485,772,524,297,34359
202201,인천광역시,3070,5291,4305,3722,4278,3668,3531,2879,1671,1452,793,659,328,35647
202201,전라남도,4679,5296,4583,4796,4739,4844,4900,3530,2628,2553,1686,1388,605,46227
202201,전라북도,4658,5957,5019,5278,4521,5409,4907,4308,2930,2220,1676,811,545,48239
202201,제주특별자치도,1536,1719,1269,1363,1118,1256,896,903,598,468,257,137,46,11566
202201,충청남도,2997,4643,3766,3496,3376,3123,3262,2524,1485,1115,851,355,212,31205
202201,충청북도,2523,3557,1986,2391,2760,2550,2365,1856,1329,878,819,382,289,23685
202202,강원도,3265,4581,3662,2914,3272,3499,2702,2264,1488,1237,883,568,189,30524
202202,경기도,15006,22482,18018,17021,16346,18120,16043,12147,8547,6449,3745,2339,1401,157664
202202,경상남도,5046,6834,6314,5699,5552,6607,5802,4693,3194,2407,1640,1180,303,55271
202202,경상북도,4622,8420,7553,7244,7399,8468,7646,6745,5454,4423,3271,2373,1496,75114
202202,광주광역시,2740,3399,3107,2742,2004,2916,2629,1712,1091,896,592,358,297,24483
202202,대구광역시,3089,3995,3496,3706,3450,3624,3146,2855,1876,1371,937,537,329,32411
202202,대전광역시,1817,2161,2156,2162,1898,2241,1693,1640,1217,790,816,263,139,18993
202202,부산광역시,4538,6037,6219,5374,5030,5841,5264,3594,2704,1909,1436,834,458,49238
202202,서울특별시,10441,20819,15277,12963,11742,10558,10166,8094,5294,4389,2771,1653,1248,115415
202202,세종특별자치시,857,1419,981,711,1025,917,564,568,360,317,270,142,0,8131
202202,울산광역시,2402,4218,3458,2549,3429,3409,3016,2324,1736,1153,611,523,163,28991
202202,인천광역시,2336,4323,3565,3214,3783,3220,2755,2207,1324,1229,688,555,200,29399
202202,전라남도,3680,4713,4141,4019,4295,4394,4217,2950,2346,2087,1576,1275,431,40124
202202,전라북도,3845,5249,4272,4481,3974,4420,4307,3575,2383,1978,1437,646,467,41034
202202,제주특별자치도,1297,1529,1001,1183,914,1099,822,670,491,364,200,199,37,9806
202202,충청남도,2161,4079,3094,3125,3028,2758,2680,2140,1298,983,687,223,191,26447
202202,충청북도,2152,2804,1995,2088,2289,2186,2101,1545,1239,718,618,433,244,20412
202203,강원도,3791,4358,3874,3415,3062,3505,3082,2469,1295,1205,860,570,157,31643
202203,경기도,14586,22475,18729,17751,17185,19674,18269,13094,9252,6335,4337,2420,1468,165575
202203,경상남도,4975,6824,6206,6194,6088,6768,6048,4656,3363,2538,1548,1137,424,56769
202203,경상북도,4807,8209,7997,8094,8074,8738,8262,6869,5359,4313,3206,2226,1478,77632
202203,광주광역시,2765,3758,3317,2717,2454,3013,2825,2205,1143,856,719,412,305,26489
202203,대구광역시,3306,4049,3591,4301,4165,3876,3786,2939,2125,1467,1052,686,359,35702
202203,대전광역시,2212,2629,2470,2567,2366,2647,2219,1969,1424,967,870,264,112,22716
202203,부산광역시,4909,5800,6188,5705,5540,6000,5711,3961,3022,2118,1315,846,376,51491
202203,서울특별시,11075,20590,14938,13091,12924,11840,10276,9294,5970,4342,3015,1820,940,120115
202203,세종특별자치시,1014,1112,1107,873,1216,1162,639,795,488,256,247,97,0,9006
202203,울산광역시,2579,3491,3691,2876,3462,3703,3292,2373,1639,1385,732,621,228,30072
202203,인천광역시,2626,4093,3743,3498,4283,3423,3465,2569,1612,1238,767,486,329,32132
202203,전라남도,3789,4801,4342,4281,4442,4887,4550,2924,2396,2310,1506,1322,432,41982
202203,전라북도,3861,5006,4396,4031,4512,4512,4991,3427,2749,1943,1336,641,476,41881
202203,제주특별자치도,1058,1590,997,1248,926,1119,802,732,541,391,187,213,9,9813
202203,충청남도,2185,3820,3575,3368,3343,3064,2547,2388,1405,1052,741,302,258,28048
202203,충청북도,2131,2795,2020,2373,2566,2463,2246,1746,1286,783,667,447,264,21787
202204,강원도,3966,4689,4419,3791,3673,3704,3848,2816,1609,1355,945,633,136,35584
202204,경기도,16980,24458,21634,21156,20139,22311,21224,15611,10538,7751,4897,2837,1447,190983
202204,경상남도,5416,8165,6807,6765,7529,7046,7292,5575,3949,2950,1881,1277,485,65137
202204,경상북도,4936,8874,8561,9031,8845,9208,9195,7793,5880,4697,3358,2425,1517,84320
202204,광주광역시,3121,3973,3442,3375,2880,3346,3453,2285,1284,1093,767,439,317,29775
202204,대구광역시,3619,4459,3579,4618,4607,4200,4391,3476,2247,1791,1028,671,393,39079
202204,대전광역시,2327,2834,2402,2564,2569,2674,2375,2212,1351,1057,835,300,166,23666
202204,부산광역시,5599,6938,7578,7203,6821,7159,7032,4903,3621,2519,1677,1094,487,62631
202204,서울특별시,12367,21650,17689,15256,15148,13326,12585,10953,6952,5079,3367,2049,1142,137563
202204,세종특별자치시,832,1340,1254,849,1320,1162,861,799,519,282,266,73,13,9570
202204,울산광역시,2306,4151,3801,3015,3945,4223,3943,2744,1994,1442,841,666,264,33335
202204,인천광역시,3196,4448,4364,4027,4868,4144,4258,3105,1891,1453,907,733,312,37706
202204,전라남도,4496,4974,4580,4654,5099,5176,4842,3506,2757,2555,1624,1454,502,46219
202204,전라북도,4558,5543,4905,4727,4658,5292,5637,3598,3289,2119,1494,822,567,47209
202204,제주특별자치도,945,1789,1128,1407,1029,1229,851,783,612,408,196,219,21,10617
202204,충청남도,2472,4027,3754,3993,3747,3239,3211,2662,1572,1071,787,391,244,31170
202204,충청북도,2271,3117,2277,2718,2837,2700,2885,1962,1364,1009,756,512,329,24737
202205,강원도,4193,4787,4988,4046,4055,3896,4162,3044,1720,1424,1111,707,244,38377
202205,경기도,19350,27712,24146,22972,21603,23544,22991,17172,11095,8349,5398,3143,1578,209053
202205,경상남도,5987,8354,7147,6976,8057,7758,7384,6008,4119,3376,1877,1474,562,69079
202205,경상북도,5474,9732,9585,9544,9972,10128,10094,8424,6662,5339,3845,2591,1845,93235
202205,광주광역시,3340,4341,3725,3444,3189,3570,3707,2434,1465,1214,834,519,318,32100
202205,대구광역시,3898,5248,3898,4542,4698,4626,4772,3492,2246,1953,1081,707,443,41604
202205,대전광역시,2261,3103,2322,2754,2410,3069,2619,2286,1361,1042,936,326,154,24643
202205,부산광역시,6061,7402,7710,7356,7195,7622,7009,5002,3781,2620,1686,1114,583,65141
202205,서울특별시,12420,21855,18921,16214,15784,14101,13883,11454,7142,5324,3428,2339,1201,144066
202205,세종특별자치시,1071,1515,1333,1066,1390,1239,989,874,558,306,218,96,14,10669
202205,울산광역시,2519,3896,4063,3523,4133,4427,4045,2897,2153,1611,971,669,332,35239
202205,인천광역시,3096,4910,4857,4364,4818,4645,4697,3189,2099,1524,978,651,374,40202
202205,전라남도,5034,5586,4911,4963,5633,5729,5069,3729,2814,2616,1751,1564,474,49873
202205,전라북도,4904,6109,5050,5562,4951,5436,5933,4192,3622,2307,1615,860,564,51105
202205,제주특별자치도,992,1808,1221,1585,1134,1330,1022,885,587,545,271,261,49,11690
202205,충청남도,2830,4114,4114,4192,4135,3462,3275,2738,1708,980,865,468,268,33149
202205,충청북도,2843,3331,2544,2746,3157,2845,3096,2225,1443,1103,761,582,344,27020
202206,강원도,4543,4537,5148,3905,4164,3853,4060,2864,1713,1452,1141,712,244,38336
202206,경기도,19567,28148,23801,23306,21306,23336,22402,17684,10975,8116,5427,2953,1746,208767
202206,경상남도,5935,8626,6782,6783,8058,7663,7197,5821,4412,3038,1980,1352,645,68292
202206,경상북도,5770,9250,9939,9322,9609,10178,9779,8683,6584,5301,4084,2489,1700,92688
202206,광주광역시,3200,4285,3697,3453,3412,3221,3847,2395,1446,1156,884,506,334,31836
202206,대구광역시,4044,5588,4016,4679,4448,4720,4796,3532,2407,1916,1046,584,538,42314
202206,대전광역시,2185,3026,2388,2789,2380,2948,2668,2312,1234,1047,809,477,142,24405
202206,부산광역시,5899,8053,7063,7317,7172,7492,7307,4915,3660,2509,1833,1089,556,64865
202206,서울특별시,12880,21321,18008,16361,15328,13569,13578,11184,6994,5262,3590,2191,1278,141544
202206,세종특별자치시,1097,1359,1206,1008,1234,1254,973,718,623,297,166,132,14,10081
202206,울산광역시,2743,3851,3827,3452,3831,4600,4037,2907,2142,1525,847,721,271,34754
202206,인천광역시,3348,4966,4677,4483,4987,4529,4821,3200,2086,1541,1048,589,446,40721
202206,전라남도,4905,5858,4609,4993,5652,5710,5001,3741,2989,2615,1799,1546,495,49913
202206,전라북도,5078,6017,5126,5511,4952,5465,5891,4220,3421,2320,1831,767,513,51112
202206,제주특별자치도,938,1675,1235,1466,1151,1247,1068,880,612,553,339,255,51,11470
202206,충청남도,2976,4251,4114,4096,4131,3708,3287,2758,1711,908,1031,549,266,33786
202206,충청북도,2538,3582,2813,2868,3246,2982,3060,2133,1517,1022,822,579,353,27515
202207,강원도,4547,4803,5199,3821,4228,3743,4536,2817,1878,1326,1206,695,386,39185
202207,경기도,19402,28027,24224,23015,20844,23377,21618,17824,11042,8469,5196,3146,1728,207912
202207,경상남도,5679,8482,6775,7102,8105,7336,7287,6160,4257,3014,2001,1352,642,68192
202207,경상북도,6308,9541,9909,9752,9943,10358,9939,8891,6780,5393,3887,2401,1743,94845
202207,광주광역시,3208,4327,3631,3572,3480,3326,3971,2304,1704,1066,885,585,422,32481
202207,대구광역시,3814,5537,3985,4347,4506,4977,4737,3458,2547,1911,1013,558,581,41971
202207,대전광역시,2158,3136,2312,2899,2409,2804,2726,2113,1424,1006,800,501,156,24444
202207,부산광역시,6177,8397,7572,7549,7463,7232,7113,5097,3853,2393,1806,1195,688,66535
202207,서울특별시,13282,22193,17416,15947,15324,12672,13370,10750,6983,5365,3731,2156,1211,140400
202207,세종특별자치시,1188,1273,1185,988,1142,1139,985,719,595,319,165,158,13,9869
202207,울산광역시,2666,3958,3774,3525,3952,4270,4187,2898,2266,1528,880,706,264,34874
202207,인천광역시,3541,5046,4686,4489,5001,4540,4653,3393,2069,1588,945,648,478,41077
202207,전라남도,5191,5497,4540,5219,5240,5341,5064,3873,2991,2508,1831,1467,463,49225
202207,전라북도,4798,6240,5126,5400,4998,5414,5998,4095,3541,2264,1724,1002,475,51075
202207,제주특별자치도,904,1656,1224,1342,1126,1038,1071,866,646,511,313,265,51,11013
202207,충청남도,3243,3938,4126,4047,3995,3765,3469,2621,1860,893,1070,595,259,33881
202207,충청북도,2393,3806,2891,2786,3025,2848,3054,2304,1458,1059,856,605,310,27395
202208,강원도,4478,4695,4714,3736,4050,3378,4318,2572,1639,1433,1173,763,359,37308
202208,경기도,17888,28111,22938,22587,19977,22435,20141,16686,10913,7819,5047,3159,1794,199495
202208,경상남도,5282,8050,6695,6765,7551,6901,6500,5879,3732,2821,1952,1161,658,63947
202208,경상북도,6215,9790,10067,9539,9557,10108,9809,9542,6811,5511,4126,2830,1771,95676
202208,광주광역시,3100,4239,3445,3317,3111,2952,3719,1989,1527,1015,908,602,320,30244
202208,대구광역시,3716,4939,4036,4071,4178,4491,4157,3173,2481,1675,1078,515,594,39104
202208,대전광역시,2068,3153,2415,2711,2461,2722,2643,2001,1174,1231,888,529,132,24128
202208,부산광역시,5628,7552,7136,6503,7262,6463,6427,4927,3647,2298,1740,1159,638,61380
202208,서울특별시,13377,21032,17830,15487,14768,12487,12879,10254,6595,5262,3830,2074,1336,137211
202208,세종특별자치시,1082,1235,1203,890,1199,1083,959,764,419,391,138,133,27,9523
202208,울산광역시,2478,3736,3582,3340,3257,3714,3602,2935,1975,1419,762,732,235,31767
202208,인천광역시,3544,4487,4462,4495,4782,4164,4186,2905,2165,1342,907,494,422,38355
202208,전라남도,4677,5362,4714,4696,5271,4735,4761,3896,2780,2419,1761,1465,426,46963
202208,전라북도,4447,5862,5043,4866,4890,5060,6019,4187,3086,2424,1650,989,471,48994
202208,제주특별자치도,884,1590,1215,1293,1306,937,1016,922,717,576,247,256,56,11015
202208,충청남도,2998,3425,3660,3502,3104,3358,3213,2294,1672,963,943,646,339,30117
202208,충청북도,2161,3381,2873,2307,2915,2563,2750,2107,1387,985,735,677,244,25085
202209,강원도,4406,4901,4426,3776,3889,3531,4128,2693,1668,1360,1083,812,382,37055
202209,경기도,17388,29001,23405,22042,21268,22818,21138,18488,11472,7782,5041,3463,1696,205002
202209,경상남도,5897,7878,6387,6967,7398,7139,6765,6112,3973,2709,2229,1334,629,65417
202209,경상북도,6591,9849,10588,9495,10056,10305,10012,9220,6206,5247,4122,2713,1864,96268
202209,광주광역시,3262,4124,3690,3499,3228,3227,3645,2250,1787,892,1036,636,358,31634
202209,대구광역시,3807,4815,4189,4012,4336,4774,4405,3283,2823,1717,1162,557,567,40447
202209,대전광역시,1949,3215,2417,2669,2540,2946,2655,1996,1220,1079,876,460,172,24194
202209,부산광역시,5490,7556,6976,6660,6941,6986,6742,5168,3518,2401,1770,1203,658,62069
202209,서울특별시,13361,21324,17707,15572,14672,13294,13393,10419,7173,5149,3745,2231,1360,139400
202209,세종특별자치시,1247,1233,1187,1081,1234,1081,991,788,506,481,116,165,36,10146
202209,울산광역시,2489,4050,3653,3255,3568,3953,3954,3115,2203,1492,950,790,271,33743
202209,인천광역시,3285,4621,4674,4647,4273,4695,4428,3202,2104,1229,1026,595,388,39167
202209,전라남도,4758,5109,4590,4839,5317,4586,4897,4118,2767,2191,1714,1595,536,47017
202209,전라북도,4634,5723,5484,4800,5197,5175,5751,4143,3215,2415,1469,1111,534,49651
202209,제주특별자치도,981,1444,1274,1207,1394,917,1023,728,643,545,218,267,82,10723
202209,충청남도,3057,3390,3835,3662,3318,3814,2937,2398,1709,993,955,615,334,31017
202209,충청북도,2320,3256,2903,2393,2928,2690,2651,2226,1534,960,784,696,321,25662
